{"appId": "subharmoniq", "boardId": "daisy_field", "selectedNodeId": "node0", "entryNodeId": "node0", "outputNodeId": "node0", "appDisplayName": "Subharmoniq", "renderConfig": {"sampleRate": 48000.0, "blockSize": 64, "durationSeconds": 1.2, "outputChannelCount": 2}, "frameCount": 57600, "seed": 4242, "initialParameterValues": {"node0/param/cutoff": 0.720000028610229, "node0/param/cutoff_cv": 0.0, "node0/param/drive": 0.349999994039536, "node0/param/output": 0.899999976158142, "node0/param/resonance": 0.200000002980232, "node0/param/rhythm1_div": 0.0, "node0/param/rhythm2_div": 0.070000000298023, "node0/param/rhythm3_div": 0.200000002980232, "node0/param/rhythm4_div": 0.400000005960464, "node0/param/rhythm_cv": 0.0, "node0/param/root_cv": 0.5, "node0/param/seq1_step1": 0.5, "node0/param/seq1_step2": 0.579999983310699, "node0/param/seq1_step3": 0.419999986886978, "node0/param/seq1_step4": 0.670000016689301, "node0/param/seq2_step1": 0.5, "node0/param/seq2_step2": 0.330000013113022, "node0/param/seq2_step3": 0.579999983310699, "node0/param/seq2_step4": 0.25, "node0/param/state/page": 0.0, "node0/param/state/page_schema": 1.0, "node0/param/state/play": 0.0, "node0/param/state/quantize": 1.0, "node0/param/state/seq_oct": 2.0, "node0/param/sub_cv": 0.0, "node0/param/tempo": 0.340000003576279, "node0/param/vca_decay": 0.5, "node0/param/vcf_attack": 0.019999999552965, "node0/param/vcf_decay": 0.319999992847443, "node0/param/vcf_env_amt": 0.699999988079071, "node0/param/vco1_level": 0.649999976158142, "node0/param/vco1_pitch": 0.25, "node0/param/vco1_sub1_div": 0.200000002980232, "node0/param/vco1_sub1_level": 0.550000011920929, "node0/param/vco1_sub2_div": 0.400000005960464, "node0/param/vco1_sub2_level": 0.479999989271164, "node0/param/vco2_level": 0.579999983310699, "node0/param/vco2_pitch": 0.379999995231628, "node0/param/vco2_sub1_div": 0.270000010728836, "node0/param/vco2_sub1_level": 0.5, "node0/param/vco2_sub2_div": 0.469999998807907, "node0/param/vco2_sub2_level": 0.419999986886978}, "finalParameterValues": {"node0/param/cutoff": 0.720000028610229, "node0/param/cutoff_cv": 0.5, "node0/param/drive": 0.349999994039536, "node0/param/output": 0.899999976158142, "node0/param/resonance": 0.200000002980232, "node0/param/rhythm1_div": 0.0, "node0/param/rhythm2_div": 0.070000000298023, "node0/param/rhythm3_div": 0.200000002980232, "node0/param/rhythm4_div": 0.400000005960464, "node0/param/rhythm_cv": 0.5, "node0/param/root_cv": 0.5, "node0/param/seq1_step1": 0.5, "node0/param/seq1_step2": 0.579999983310699, "node0/param/seq1_step3": 0.419999986886978, "node0/param/seq1_step4": 0.670000016689301, "node0/param/seq2_step1": 0.5, "node0/param/seq2_step2": 0.330000013113022, "node0/param/seq2_step3": 0.579999983310699, "node0/param/seq2_step4": 0.25, "node0/param/state/page": 0.0, "node0/param/state/page_schema": 1.0, "node0/param/state/play": 0.0, "node0/param/state/quantize": 1.0, "node0/param/state/seq_oct": 2.0, "node0/param/sub_cv": 0.5, "node0/param/tempo": 0.340000003576279, "node0/param/vca_decay": 0.5, "node0/param/vcf_attack": 0.019999999552965, "node0/param/vcf_decay": 0.319999992847443, "node0/param/vcf_env_amt": 0.699999988079071, "node0/param/vco1_level": 0.649999976158142, "node0/param/vco1_pitch": 0.25, "node0/param/vco1_sub1_div": 0.200000002980232, "node0/param/vco1_sub1_level": 0.550000011920929, "node0/param/vco1_sub2_div": 0.400000005960464, "node0/param/vco1_sub2_level": 0.479999989271164, "node0/param/vco2_level": 0.579999983310699, "node0/param/vco2_pitch": 0.379999995231628, "node0/param/vco2_sub1_div": 0.270000010728836, "node0/param/vco2_sub1_level": 0.5, "node0/param/vco2_sub2_div": 0.469999998807907, "node0/param/vco2_sub2_level": 0.419999986886978}, "finalEffectiveParameterValues": {"node0/param/cutoff": 0.720000028610229, "node0/param/cutoff_cv": 0.5, "node0/param/drive": 0.349999994039536, "node0/param/output": 0.899999976158142, "node0/param/resonance": 0.200000002980232, "node0/param/rhythm1_div": 0.0, "node0/param/rhythm2_div": 0.070000000298023, "node0/param/rhythm3_div": 0.200000002980232, "node0/param/rhythm4_div": 0.400000005960464, "node0/param/rhythm_cv": 0.5, "node0/param/root_cv": 0.5, "node0/param/seq1_step1": 0.5, "node0/param/seq1_step2": 0.579999983310699, "node0/param/seq1_step3": 0.419999986886978, "node0/param/seq1_step4": 0.670000016689301, "node0/param/seq2_step1": 0.5, "node0/param/seq2_step2": 0.330000013113022, "node0/param/seq2_step3": 0.579999983310699, "node0/param/seq2_step4": 0.25, "node0/param/sub_cv": 0.5, "node0/param/tempo": 0.340000003576279, "node0/param/vca_decay": 0.5, "node0/param/vcf_attack": 0.019999999552965, "node0/param/vcf_decay": 0.319999992847443, "node0/param/vcf_env_amt": 0.699999988079071, "node0/param/vco1_level": 0.649999976158142, "node0/param/vco1_pitch": 0.25, "node0/param/vco1_sub1_div": 0.200000002980232, "node0/param/vco1_sub1_level": 0.550000011920929, "node0/param/vco1_sub2_div": 0.400000005960464, "node0/param/vco1_sub2_level": 0.479999989271164, "node0/param/vco2_level": 0.579999983310699, "node0/param/vco2_pitch": 0.379999995231628, "node0/param/vco2_sub1_div": 0.270000010728836, "node0/param/vco2_sub1_level": 0.5, "node0/param/vco2_sub2_div": 0.469999998807907, "node0/param/vco2_sub2_level": 0.419999986886978}, "finalCvInputs": {"node0/port/cv_in_1": 0.5, "node0/port/cv_in_2": 0.5, "node0/port/cv_in_3": 0.5, "node0/port/cv_in_4": 0.5}, "finalGateInputs": {"node0/port/gate_in_1": false}, "fieldSurface": {"cvOutputs": [{"id": "node0/port/field_cv_out_1", "label": "CV OUT 1", "available": false, "normalizedValue": 0.0, "volts": 0.0}, {"id": "node0/port/field_cv_out_2", "label": "CV OUT 2", "available": false, "normalizedValue": 0.0, "volts": 0.0}], "switches": [{"id": "node0/control/field_sw_1", "label": "SW1", "detailLabel": "Back", "available": true, "pressed": false}, {"id": "node0/control/field_sw_2", "label": "SW2", "detailLabel": "Forward", "available": true, "pressed": false}], "leds": [{"id": "node0/led/field_key_a_1", "label": "A1 LED", "normalizedValue": 0.0}, {"id": "node0/led/field_key_a_2", "label": "A2 LED", "normalizedValue": 0.0}, {"id": "node0/led/field_key_a_3", "label": "A3 LED", "normalizedValue": 0.0}, {"id": "node0/led/field_key_a_4", "label": "A4 LED", "normalizedValue": 0.0}, {"id": "node0/led/field_key_a_5", "label": "A5 LED", "normalizedValue": 0.5}, {"id": "node0/led/field_key_a_6", "label": "A6 LED", "normalizedValue": 0.5}, {"id": "node0/led/field_key_a_7", "label": "A7 LED", "normalizedValue": 1.0}, {"id": "node0/led/field_key_a_8", "label": "A8 LED", "normalizedValue": 0.0}, {"id": "node0/led/field_key_b_1", "label": "B1 LED", "normalizedValue": 0.0}, {"id": "node0/led/field_key_b_2", "label": "B2 LED", "normalizedValue": 0.0}, {"id": "node0/led/field_key_b_3", "label": "B3 LED", "normalizedValue": 0.0}, {"id": "node0/led/field_key_b_4", "label": "B4 LED", "normalizedValue": 0.0}, {"id": "node0/led/field_key_b_5", "label": "B5 LED", "normalizedValue": 0.5}, {"id": "node0/led/field_key_b_6", "label": "B6 LED", "normalizedValue": 0.5}, {"id": "node0/led/field_key_b_7", "label": "B7 LED", "normalizedValue": 0.0}, {"id": "node0/led/field_key_b_8", "label": "B8 LED", "normalizedValue": 0.0}, {"id": "node0/led/field_sw_1", "label": "SW1 LED", "normalizedValue": 0.0}, {"id": "node0/led/field_sw_2", "label": "SW2 LED", "normalizedValue": 0.0}, {"id": "node0/led/field_gate_in", "label": "Gate In", "normalizedValue": 0.0}, {"id": "node0/led/field_gate_out", "label": "Gate Out", "normalizedValue": 0.0}]}, "initialAudioInput": {"mode": "host_in", "level": 0.0, "frequencyHz": 220.0}, "finalAudioInput": {"mode": "host_in", "level": 0.0, "frequencyHz": 220.0}, "executedTimeline": [{"timeSeconds": 0.0, "type": "midi", "targetNodeId": "node0", "targetResolution": "selected_node", "status": 144, "data1": 48, "data2": 110}, {"timeSeconds": 0.11, "type": "midi", "targetNodeId": "node0", "targetResolution": "selected_node", "status": 128, "data1": 48,